ts	phase	decision	why	evidence	result
2026-09-23T21:04:32Z	setup	branch feat/unreadable-writer-flags from origin/feat/unled-review-briefs	overlap.sh 139 printed base origin/feat/unled-review-briefs, exit 0, go autopilot-stack	e710e99; #136 and #140 overlap on review-brief.sh and its test	parent PR #140 (ticket #137)
2026-09-23T21:04:35Z	design	C6/f of #108 table C flips from B to the new refusal	#139 criterion 1 (Manuel: go ahead) refuses a heading inside a fence with zero flags read; C6/f is that body; the brief's keep-every-cell instruction conflicts with the ticket only here and the ticket is the spec	#108 body Table C row C6; #139 criterion 1	record P139; flag in report and PR body
2026-09-23T21:04:36Z	design	the guard runs only when the existing flag check found no offender	keeps C1-C5/f, B15/f and B16/f stderr byte-identical: a near-miss heading is already refused with its own message	review-brief.sh flag block after undisposed flags	count rule: a heading line matching ^[space >]*#+ *writer[ -]flags? in any case, and the disposed awk printed zero records
2026-09-23T21:04:38Z	design	skip architect runners; the owner writes the scenario table	one conditional in one script, no new state file, not a cross-cutting path; the root calls it small	ticket names two files; review-brief.sh flag block is 10 lines	table posted on #139 before the tests
2026-09-23T21:21:10Z	build	accept the writer's diff; dismiss its act-on items (C6/f and D3 duplicate kept, loose-match false positive accepted, D10 accepted)	both asserts are named by the table; the ticket asks for loose matching; D10 is in the contract	writer report; git diff e710e99; suite ok 1856 rerun by owner	ff to 5f0c725, P139 commit 69d6a96
2026-09-23T21:21:12Z	pr	open PR #142 as draft with --base main	root's instruction: #140 is MERGED and feat/unled-review-briefs is gone from origin	gh pr view 140 state MERGED; ls-remote printed nothing; origin/main..HEAD is our 3 commits, merge-tree clean	https://github.com/Zenoctra/factory918/pull/142
2026-09-23T21:27:49Z	review	round 1: act on P1 (list-item heading), S1 (SKILL.md sentence via patch), S3 (invariant clause); note S2	P1 rests on criterion 1, which stands, so it is an implementation gap fixed on the PR with a dated legend amendment, not a restart; S1 is the reviewer-facing description of the script's refusals	comment https://github.com/Zenoctra/factory918/pull/142#issuecomment-5803221695; act-on items: 3	fix lane launched (tier-upper), ticket legend amended with D11
2026-09-23T21:58:08Z	review	round 2: act on P1 (fenced one-# comment refused), S1/P2 (decorated heading unread), S2 (P139 row), S4 (dialect); note S5; dismiss S3	P1 breaks criterion 2 so the match needs two or more #; S1/P2 are closed by loosening the one match with non-letter gaps, not by adding shapes (the ticket: chasing shapes is not the fix); S3's playbook clause already covers a heading that looks like the opener	comment https://github.com/Zenoctra/factory918/pull/142#issuecomment-5803555158; act-on items: 5; both reports sent back once for indented Documented step lines	legend amended with D12-D14; fix lane 2 launched (tier-upper)
2026-09-23T22:22:50Z	review	round 3: act on S1/P1 (possessive heading) by loosening the match to two or more # then writer then flag anywhere after; act on S3 rewrap and S4 SKILL.md pin; note S2	both reviewers found the same shape; each round had loosened the match one class at a time, so the last loosening drops the gap grammar entirely rather than add apostrophes; a false positive refuses loudly with a correctable message, which is Manuel's preferred failure	standards and spec reports round 3; no Would-break this round	fix lane 3 launched; legend amended with D15, D16
2026-09-23T22:35:18Z	review	round 3 closed act-on items: 0 with four fixes marked; P139 row updated; do not rebase onto main after #135 merged	brief: never rebase onto a moved trunk, the root resolves records conflicts; Actions creates no run for a conflicted PR	comment https://github.com/Zenoctra/factory918/pull/142#issuecomment-5804075444; mergeStateStatus DIRTY on docs/agents/ledger.md; last green CI 35927261638 at bc5a7e6; suite ok 1872 at 9abbcca locally	PR marked ready; CI at head owed after the root's rebase
2026-09-23T22:38:24Z	trail	settle the trail review: dismiss 1 (owner read the final match and SKILL.md sentence), 2 goes to Blocked, fix 3 (PR body names 5f0c725), fix 4 (P139 states the broad false positive), fix 5 (ledger line), dismiss 6 and 7	the outcome of 6 was right; D11b is D11's second half and the amendment names both forms	trail-review/review.md; commit 7505ee5; PR body edited	PR #142 ready; CI at head owed after the root's rebase
2026-09-23T22:58:13Z	fix	per-heading count: each read flag belongs to the nearest writer-flags heading line above it; every heading line needs one	root's verification: a second writer's list hidden by a fence passed because the first list made the body count non-zero (D10); nearest-heading attribution needs no heading-level logic and is equivalent to the root's same-or-higher-level section on every row	verify/142-30bdcae; #139 amendment and reworded criteria 1-3	fix lane 4 launched (tier-upper) from 30bdcae
2026-09-23T23:11:45Z	fix	accept fix lane 4 (at-or-above attribution, refusal header unchanged); amend P139; no fourth review round	P20 as #106 amended: past round three only a Would-break fix owes another round; a hidden second list is an input outside the documented path that proceeded silently, a Fails-open item, and review-brief.sh refuses a fourth round without a would-break line	commits 197c676 659f508 3d183e8 8aa660a; suite ok 1876; CI 35932109587 success at 8aa660a; mergeStateStatus CLEAN	STACK-READY at 8aa660a
