Rb9718820	P1	no
Rb9718820	P2	no
Rb9718820	P3	no
Rb9718820	P4	no
Rb9718820	S1	no
Rb9718820	-	extra 1 yes
Ra8fb11d9	P1	no
Ra8fb11d9	P2	no
Ra8fb11d9	P3	no
Ra8fb11d9	P4	no
Ra8fb11d9	S1	no
Ra8fb11d9	-	extra 1 yes
R80a26128	P1	no
R80a26128	P2	no
R80a26128	P3	no
R80a26128	P4	no
R80a26128	S1	no
R80a26128	-	extra 1 yes
R888b7e13	P1	no
R888b7e13	P2	no
R888b7e13	P3	no
R888b7e13	P4	no
R888b7e13	S1	no
Re7e6c74b	P1	no
Re7e6c74b	P2	no
Re7e6c74b	P3	no
Re7e6c74b	P4	no
Re7e6c74b	S1	no
Rf22673d8	P1	no
Rf22673d8	P2	no
Rf22673d8	P3	no
Rf22673d8	P4	no
Rf22673d8	S1	no
Ref67b316	P1	hard 1
Ref67b316	S1	hard 1
Ref67b316	-	extra 2 yes
Ref67b316	-	extra 3 yes
Rf190d9c5	P1	hard 2
Rf190d9c5	S1	hard 2
Rf190d9c5	-	extra 3 yes
R4cd28dd8	P1	hard 3
R4cd28dd8	S1	hard 3
R4cd28dd8	-	extra 2 yes
R58738a87	P1	hard 2
R58738a87	S1	hard 2
Rcd3d2b70	P1	no
Rcd3d2b70	S1	hard 1
R03a90d74	P1	hard 1
R03a90d74	S1	hard 1
Ra2a53b3c	P1	hard 2
Ra2a53b3c	S1	hard 1
Ra2a53b3c	S2	hard 2
Rcdb58195	P1	hard 2
Rcdb58195	S1	hard 1
Rcdb58195	S2	hard 2
Racc3de66	P1	hard 2
Racc3de66	S1	hard 1
Racc3de66	S2	hard 2
R2b263f43	P1	no
R2b263f43	S1	no
R9e3259ba	P1	no
R9e3259ba	S1	no
Rd7fb71c8	P1	no
Rd7fb71c8	S1	no
R9f5ca17c	S1	no
